Customer_ID,Recency,Frequency,Monetary,R_Score,F_Score,M_Score,RFM_Segment,RFM_Score,Customer_Segment
1000,5,9,2593.163045211812,4,4,4,444,12,Champions
1001,147,6,2387.9313420931053,1,3,4,134,8,Loyal Customers
1002,152,4,1279.2212588112184,1,2,3,123,6,Potential Loyalists
1003,232,2,825.6705785644534,1,1,2,112,4,At Risk
1004,261,5,859.9604254357665,1,2,2,122,5,Potential Loyalists
1005,268,1,679.7532812328243,1,1,1,111,3,Lost
1006,25,6,2122.9652239041206,3,3,4,334,10,Champions
1007,45,7,3299.9650444325116,3,4,4,344,11,Champions
1008,180,3,423.7017342893789,1,1,1,111,3,Lost
1009,96,6,1645.6223186046816,2,3,3,233,8,Loyal Customers
1010,184,4,906.8102783108275,1,2,2,122,5,Potential Loyalists
1011,94,10,2310.4928130234002,2,4,4,244,10,Champions
1012,1,5,1463.6366682326807,4,2,3,423,9,Champions
1013,94,4,618.27819321529,2,2,1,221,5,Potential Loyalists
1014,255,5,1497.2733042585828,1,2,3,123,6,Potential Loyalists
1015,47,5,1854.6250136922401,3,2,3,323,8,Loyal Customers
1016,109,8,2457.0897861540097,1,4,4,144,9,Champions
1017,243,2,941.5576736274763,1,1,2,112,4,At Risk
1018,6,7,1582.9938704772487,4,4,3,443,11,Champions
1019,13,7,1006.4881978737782,4,4,2,442,10,Champions
1020,77,7,2535.9992708145264,2,4,4,244,10,Champions
1021,8,6,638.0792610780002,4,3,1,431,8,Loyal Customers
1022,27,6,1986.503837466585,3,3,4,334,10,Champions
1023,174,1,82.4996226136187,1,1,1,111,3,Lost
1024,5,6,2144.2460791145472,4,3,4,434,11,Champions
1025,44,5,1816.7502633531697,3,2,3,323,8,Loyal Customers
1026,188,3,845.9271817997281,1,1,2,112,4,At Risk
1027,75,6,981.0703468359649,2,3,2,232,7,Loyal Customers
1028,112,7,2808.072635301122,1,4,4,144,9,Champions
1029,27,2,540.1433708394277,3,1,1,311,5,Potential Loyalists
1030,23,2,416.9262544438639,3,1,1,311,5,Potential Loyalists
1031,71,2,655.1992104847509,2,1,1,211,4,At Risk
1032,194,3,570.8353055040388,1,1,1,111,3,Lost
1033,231,3,529.312447217855,1,1,1,111,3,Lost
1034,20,7,1781.6227343780997,4,4,3,443,11,Champions
1035,138,4,1678.7796843173167,1,2,3,123,6,Potential Loyalists
1036,197,5,1057.0968229674002,1,2,2,122,5,Potential Loyalists
1037,92,3,650.9537766829981,2,1,1,211,4,At Risk
1038,102,12,3058.3927461725953,2,4,4,244,10,Champions
1039,65,6,2059.336050153163,2,3,4,234,9,Champions
1040,27,9,2605.460666736599,3,4,4,344,11,Champions
1041,128,5,986.1923222843558,1,2,2,122,5,Potential Loyalists
1042,74,5,572.7521875413552,2,2,1,221,5,Potential Loyalists
1043,69,2,1039.6090050390626,2,1,2,212,5,Potential Loyalists
1044,3,1,101.34586293929735,4,1,1,411,6,Potential Loyalists
1045,183,4,1050.0452494993963,1,2,2,122,5,Potential Loyalists
1046,57,8,2061.4231753816925,2,4,4,244,10,Champions
1047,10,2,140.08373455369838,4,1,1,411,6,Potential Loyalists
1048,29,6,1958.5707593227307,3,3,4,334,10,Champions
1049,85,2,217.68180272204532,2,1,1,211,4,At Risk
1050,149,5,1378.8221290432746,1,2,3,123,6,Potential Loyalists
1052,157,6,1762.604126248949,1,3,3,133,7,Loyal Customers
1053,208,5,1915.2799515086845,1,2,4,124,7,Loyal Customers
1054,90,5,1488.7826014054876,2,2,3,223,7,Loyal Customers
1055,121,3,962.1676929524222,1,1,2,112,4,At Risk
1056,7,3,576.9445429543428,4,1,1,411,6,Potential Loyalists
1057,70,6,1985.9973577651306,2,3,4,234,9,Champions
1058,20,5,1633.377272537824,4,2,3,423,9,Champions
1059,90,4,1125.4021529612492,2,2,2,222,6,Potential Loyalists
1060,211,3,542.9073606974096,1,1,1,111,3,Lost
1061,47,4,1007.5513077231624,3,2,2,322,7,Loyal Customers
1062,27,6,1545.3592972237434,3,3,3,333,9,Champions
1063,14,2,1398.2327284501082,4,1,3,413,8,Loyal Customers
1064,6,6,1155.221931808791,4,3,2,432,9,Champions
1065,2,6,1850.939394289466,4,3,3,433,10,Champions
1066,127,3,1197.4998338055111,1,1,2,112,4,At Risk
1067,19,3,893.5835238638358,4,1,2,412,7,Loyal Customers
1068,19,7,2083.413320898004,4,4,4,444,12,Champions
1069,78,4,747.640260934699,2,2,1,221,5,Potential Loyalists
1071,67,4,1632.7002681567042,2,2,3,223,7,Loyal Customers
1072,28,7,3027.210799646492,3,4,4,344,11,Champions
1073,83,2,754.1685006307039,2,1,1,211,4,At Risk
1074,3,11,4253.053801770233,4,4,4,444,12,Champions
1075,43,5,1499.9532470021309,3,2,3,323,8,Loyal Customers
1076,20,2,282.7937255088191,4,1,1,411,6,Potential Loyalists
1077,86,6,1468.8273399415434,2,3,3,233,8,Loyal Customers
1078,70,4,1468.1298053675525,2,2,3,223,7,Loyal Customers
1079,120,2,210.8848576976678,1,1,1,111,3,Lost
1080,30,5,2831.0403383761463,3,2,4,324,9,Champions
1081,10,4,1085.2699100349246,4,2,2,422,8,Loyal Customers
1082,2,4,1288.0559279007025,4,2,3,423,9,Champions
1083,31,10,2532.139420172154,3,4,4,344,11,Champions
1084,152,3,914.0235871347729,1,1,2,112,4,At Risk
1085,72,7,891.8327541995798,2,4,2,242,8,Loyal Customers
1086,20,6,2154.7870694704675,4,3,4,434,11,Champions
1087,99,4,1347.4161307982865,2,2,3,223,7,Loyal Customers
1088,49,5,2017.4510721639435,3,2,4,324,9,Champions
1089,147,5,1947.0398601189609,1,2,4,124,7,Loyal Customers
1090,14,2,526.8711434028319,4,1,1,411,6,Potential Loyalists
1091,118,6,2399.3037625766615,1,3,4,134,8,Loyal Customers
1092,40,3,1007.5923944480231,3,1,2,312,6,Potential Loyalists
1093,317,1,86.03125640793203,1,1,1,111,3,Lost
1094,125,5,836.6461186158788,1,2,2,122,5,Potential Loyalists
1095,238,4,1332.1465742169867,1,2,3,123,6,Potential Loyalists
1096,69,3,206.5150759053617,2,1,1,211,4,At Risk
1097,73,3,704.7552717060641,2,1,1,211,4,At Risk
1098,16,12,2691.259423057717,4,4,4,444,12,Champions
1099,171,3,291.01320604907653,1,1,1,111,3,Lost
1100,93,4,1511.317197953811,2,2,3,223,7,Loyal Customers
1101,12,7,2687.6291971488467,4,4,4,444,12,Champions
1102,35,4,1938.11987343111,3,2,4,324,9,Champions
1103,16,7,2619.1967546231176,4,4,4,444,12,Champions
1104,32,3,1191.8587490160876,3,1,2,312,6,Potential Loyalists
1105,148,6,1583.5753485911587,1,3,3,133,7,Loyal Customers
1106,28,5,1171.0129836443732,3,2,2,322,7,Loyal Customers
1107,98,5,1922.7532423948205,2,2,4,224,8,Loyal Customers
1108,18,8,2110.2425961886297,4,4,4,444,12,Champions
1109,125,1,93.90113714963938,1,1,1,111,3,Lost
1110,1,7,2173.818026085073,4,4,4,444,12,Champions
1111,73,2,612.8159936545251,2,1,1,211,4,At Risk
1112,6,12,2165.2909415304516,4,4,4,444,12,Champions
1113,8,5,1053.284366191934,4,2,2,422,8,Loyal Customers
1114,54,4,1997.0464357496264,2,2,4,224,8,Loyal Customers
1115,10,4,816.0734508889255,4,2,2,422,8,Loyal Customers
1116,14,7,2604.525047857429,4,4,4,444,12,Champions
1117,26,9,2734.1323336929318,3,4,4,344,11,Champions
1118,91,6,1630.4316135787303,2,3,3,233,8,Loyal Customers
1119,50,7,2360.014515459992,3,4,4,344,11,Champions
1120,166,2,204.55570851976842,1,1,1,111,3,Lost
1121,21,6,1283.0990350151453,4,3,3,433,10,Champions
1122,2,2,262.25308377385005,4,1,1,411,6,Potential Loyalists
1123,20,8,1415.5656806982865,4,4,3,443,11,Champions
1124,21,3,609.374842046183,4,1,1,411,6,Potential Loyalists
1125,7,6,1721.3471249051538,4,3,3,433,10,Champions
1126,5,7,1896.5426396428277,4,4,4,444,12,Champions
1127,5,6,722.5708007953283,4,3,1,431,8,Loyal Customers
1128,64,6,1141.3357278969206,2,3,2,232,7,Loyal Customers
1129,112,9,2963.44157669086,1,4,4,144,9,Champions
1130,60,8,2973.213919303995,2,4,4,244,10,Champions
1131,43,5,1216.1169565128773,3,2,2,322,7,Loyal Customers
1132,151,6,1284.125166069825,1,3,3,133,7,Loyal Customers
1133,127,3,790.0377403163767,1,1,2,112,4,At Risk
1134,334,2,1047.080899849378,1,1,2,112,4,At Risk
1135,39,2,698.64575780837,3,1,1,311,5,Potential Loyalists
1136,86,5,661.2623675923152,2,2,1,221,5,Potential Loyalists
1137,85,3,1089.0372403640754,2,1,2,212,5,Potential Loyalists
1138,16,4,1053.0353062235736,4,2,2,422,8,Loyal Customers
1139,14,3,924.3309054173793,4,1,2,412,7,Loyal Customers
1140,5,5,1085.3405501447605,4,2,2,422,8,Loyal Customers
1141,40,4,881.6745799394326,3,2,2,322,7,Loyal Customers
1142,55,7,1911.9857116017122,2,4,4,244,10,Champions
1143,73,7,1739.8668195972987,2,4,3,243,9,Champions
1144,159,7,1579.5231165094579,1,4,3,143,8,Loyal Customers
1145,88,6,2489.23978619371,2,3,4,234,9,Champions
1146,9,7,2817.78115235352,4,4,4,444,12,Champions
1147,25,5,851.4841451063262,3,2,2,322,7,Loyal Customers
1148,101,7,1210.3534473254736,2,4,2,242,8,Loyal Customers
1149,324,1,714.9714781052191,1,1,1,111,3,Lost
1150,161,4,2284.4226548645365,1,2,4,124,7,Loyal Customers
1151,143,4,1391.7690114634195,1,2,3,123,6,Potential Loyalists
1152,35,5,1787.5954522176944,3,2,3,323,8,Loyal Customers
1153,52,8,2809.871810909191,3,4,4,344,11,Champions
1154,22,3,803.3863544017515,4,1,2,412,7,Loyal Customers
1155,27,7,1802.5456735732892,3,4,3,343,10,Champions
1156,192,5,588.0436946421873,1,2,1,121,4,At Risk
1157,128,3,949.9990850641891,1,1,2,112,4,At Risk
1158,90,6,1581.7031102336762,2,3,3,233,8,Loyal Customers
1159,104,7,3098.910233994267,1,4,4,144,9,Champions
1160,76,10,3189.26045360078,2,4,4,244,10,Champions
1161,2,7,2823.0789149591255,4,4,4,444,12,Champions
1162,6,7,1635.8180879497816,4,4,3,443,11,Champions
1163,15,4,835.4905787611738,4,2,2,422,8,Loyal Customers
1164,15,7,1646.7193645293773,4,4,3,443,11,Champions
1165,181,3,670.0561600064435,1,1,1,111,3,Lost
1166,138,5,1878.8093347526126,1,2,4,124,7,Loyal Customers
1167,36,5,1071.2786074156015,3,2,2,322,7,Loyal Customers
1168,106,1,86.87056501406126,1,1,1,111,3,Lost
1169,21,5,866.9458655022602,4,2,2,422,8,Loyal Customers
1170,217,2,707.570424996839,1,1,1,111,3,Lost
1171,27,7,2152.6403556144924,3,4,4,344,11,Champions
1172,51,7,1255.6855157105242,3,4,2,342,9,Champions
1173,34,3,1117.3685843836547,3,1,2,312,6,Potential Loyalists
1174,160,2,893.0280997426357,1,1,2,112,4,At Risk
1175,58,3,544.8005660771469,2,1,1,211,4,At Risk
1176,74,4,356.5560118408192,2,2,1,221,5,Potential Loyalists
1177,68,5,1222.2346875216326,2,2,2,222,6,Potential Loyalists
1178,43,3,770.8479251907245,3,1,2,312,6,Potential Loyalists
1179,129,3,352.26187308202407,1,1,1,111,3,Lost
1180,330,1,600.8441759755484,1,1,1,111,3,Lost
1181,80,6,857.8623121129041,2,3,2,232,7,Loyal Customers
1182,37,8,3353.8491189737506,3,4,4,344,11,Champions
1183,1,5,1672.2714425233864,4,2,3,423,9,Champions
1184,162,1,88.72982006317628,1,1,1,111,3,Lost
1185,97,3,403.8363848689684,2,1,1,211,4,At Risk
1186,227,2,313.41697941848895,1,1,1,111,3,Lost
1187,1,9,2275.7147569793015,4,4,4,444,12,Champions
1188,319,1,846.7585310857403,1,1,2,112,4,At Risk
1189,39,9,1595.3660513231173,3,4,3,343,10,Champions
1190,55,5,1541.6004139516156,2,2,3,223,7,Loyal Customers
1191,113,6,906.3673924031885,1,3,2,132,6,Potential Loyalists
1192,25,2,517.0594040891463,3,1,1,311,5,Potential Loyalists
1193,4,6,1786.7002281218295,4,3,3,433,10,Champions
1194,27,5,1084.047713393599,3,2,2,322,7,Loyal Customers
1195,25,8,1847.4853045952552,3,4,3,343,10,Champions
1197,74,5,1372.571441101804,2,2,3,223,7,Loyal Customers
1198,78,2,333.61430325345856,2,1,1,211,4,At Risk
1199,110,3,345.5965629892249,1,1,1,111,3,Lost
1200,5,9,1818.8789097739223,4,4,3,443,11,Champions
1201,25,6,2586.470826877748,3,3,4,334,10,Champions
1202,49,5,1878.9278270572033,3,2,4,324,9,Champions
1203,7,4,989.8372666341703,4,2,2,422,8,Loyal Customers
1204,80,2,985.9472571458783,2,1,2,212,5,Potential Loyalists
1205,126,4,1114.2812298064619,1,2,2,122,5,Potential Loyalists
1206,54,4,1153.936506913315,2,2,2,222,6,Potential Loyalists
1207,134,4,2498.0413131744867,1,2,4,124,7,Loyal Customers
1208,94,3,1307.697264590488,2,1,3,213,6,Potential Loyalists
1209,31,6,1429.9450649786963,3,3,3,333,9,Champions
1210,61,4,1118.969806207119,2,2,2,222,6,Potential Loyalists
1211,273,1,551.481074635209,1,1,1,111,3,Lost
1212,29,6,1264.61145913115,3,3,3,333,9,Champions
1213,16,5,805.4018877107846,4,2,2,422,8,Loyal Customers
1214,1,4,1557.656166397278,4,2,3,423,9,Champions
1215,11,8,2128.4780812096583,4,4,4,444,12,Champions
1216,106,7,3361.8924676693314,1,4,4,144,9,Champions
1217,59,7,1398.1821783631362,2,4,3,243,9,Champions
1218,54,1,256.3394115902061,2,1,1,211,4,At Risk
1219,65,8,2107.828099435755,2,4,4,244,10,Champions
1220,91,3,616.2359932581953,2,1,1,211,4,At Risk
1221,48,4,497.50812152849994,3,2,1,321,6,Potential Loyalists
1222,29,9,2852.4866112726145,3,4,4,344,11,Champions
1223,96,5,1221.7560610136186,2,2,2,222,6,Potential Loyalists
1224,182,6,2314.434556694576,1,3,4,134,8,Loyal Customers
1225,60,8,2273.0452698637955,2,4,4,244,10,Champions
1226,55,9,2150.5361456930245,2,4,4,244,10,Champions
1227,12,5,1493.4739185975586,4,2,3,423,9,Champions
1228,97,8,1817.9196963245313,2,4,3,243,9,Champions
1229,136,3,1068.7585700416257,1,1,2,112,4,At Risk
1230,95,8,1431.49319002127,2,4,3,243,9,Champions
1231,44,3,1083.737512115637,3,1,2,312,6,Potential Loyalists
1232,38,10,2796.9991016908325,3,4,4,344,11,Champions
1233,22,3,775.3727796145563,4,1,2,412,7,Loyal Customers
1234,30,4,969.1698112693559,3,2,2,322,7,Loyal Customers
1235,100,4,1648.6191568610209,2,2,3,223,7,Loyal Customers
1236,133,4,908.3062391719045,1,2,2,122,5,Potential Loyalists
1237,67,3,714.2360207112379,2,1,1,211,4,At Risk
1238,128,5,1108.8842704234162,1,2,2,122,5,Potential Loyalists
1239,35,1,242.39901103962126,3,1,1,311,5,Potential Loyalists
1240,350,1,511.9177673979978,1,1,1,111,3,Lost
1241,112,7,1811.0268663258128,1,4,3,143,8,Loyal Customers
1242,72,5,1868.6777074108772,2,2,3,223,7,Loyal Customers
1243,128,4,1284.1475472916372,1,2,3,123,6,Potential Loyalists
1244,21,2,626.8977751908483,4,1,1,411,6,Potential Loyalists
1245,14,3,505.8692412501366,4,1,1,411,6,Potential Loyalists
1246,63,3,397.24367124449316,2,1,1,211,4,At Risk
1247,57,2,541.190251503112,2,1,1,211,4,At Risk
1248,278,2,1323.3631686959166,1,1,3,113,5,Potential Loyalists
1249,35,5,518.0162319759798,3,2,1,321,6,Potential Loyalists
1250,54,6,1218.791959632898,2,3,2,232,7,Loyal Customers
1251,301,2,850.7422272567212,1,1,2,112,4,At Risk
1252,121,8,2176.4719226125517,1,4,4,144,9,Champions
1253,69,9,1545.388784450801,2,4,3,243,9,Champions
1254,47,1,357.9279024378848,3,1,1,311,5,Potential Loyalists
1255,100,4,2201.189170897116,2,2,4,224,8,Loyal Customers
1256,4,4,922.8021745002343,4,2,2,422,8,Loyal Customers
1257,30,3,1240.4386887091307,3,1,2,312,6,Potential Loyalists
1258,66,6,1822.9468207600462,2,3,3,233,8,Loyal Customers
1259,4,6,1323.3366588173321,4,3,3,433,10,Champions
1260,83,8,2064.581543628511,2,4,4,244,10,Champions
1261,21,5,1842.956366502921,4,2,3,423,9,Champions
1262,120,4,893.540232170161,1,2,2,122,5,Potential Loyalists
1263,6,6,1159.9014376082898,4,3,2,432,9,Champions
1264,4,4,974.8483220489479,4,2,2,422,8,Loyal Customers
1265,32,3,920.1128512020473,3,1,2,312,6,Potential Loyalists
1266,14,3,1201.0610172106533,4,1,2,412,7,Loyal Customers
1267,30,11,2690.434702799516,3,4,4,344,11,Champions
1268,63,2,548.2075504786171,2,1,1,211,4,At Risk
1269,52,6,1455.343211352137,3,3,3,333,9,Champions
1270,189,4,1089.3428162711969,1,2,2,122,5,Potential Loyalists
1271,57,3,679.5925960760286,2,1,1,211,4,At Risk
1272,16,8,1711.865455656018,4,4,3,443,11,Champions
1273,185,4,1292.6004110303152,1,2,3,123,6,Potential Loyalists
1274,51,2,611.8292215408542,3,1,1,311,5,Potential Loyalists
1275,46,3,399.55037250160376,3,1,1,311,5,Potential Loyalists
1276,7,11,2078.077163144514,4,4,4,444,12,Champions
1277,19,4,687.8007832184591,4,2,1,421,7,Loyal Customers
1278,29,5,2099.9257489240213,3,2,4,324,9,Champions
1279,17,4,1078.5696925601926,4,2,2,422,8,Loyal Customers
1280,52,4,1414.3185469679322,3,2,3,323,8,Loyal Customers
1281,164,3,483.0244712115017,1,1,1,111,3,Lost
1282,41,6,1850.3909243877642,3,3,3,333,9,Champions
1283,15,5,1224.8207556177451,4,2,2,422,8,Loyal Customers
1284,193,7,2342.334331780512,1,4,4,144,9,Champions
1285,7,4,650.6016281852956,4,2,1,421,7,Loyal Customers
1286,8,6,2782.6755670445627,4,3,4,434,11,Champions
1287,102,8,1977.8987318830582,2,4,4,244,10,Champions
1288,57,10,3221.0522646867785,2,4,4,244,10,Champions
1289,1,3,1082.0707403145016,4,1,2,412,7,Loyal Customers
1290,40,4,909.8624682225013,3,2,2,322,7,Loyal Customers
1291,5,3,1312.0483718799192,4,1,3,413,8,Loyal Customers
1292,143,5,1898.8491798854786,1,2,4,124,7,Loyal Customers
1293,28,4,776.1932051416725,3,2,2,322,7,Loyal Customers
1294,1,5,1337.20725315443,4,2,3,423,9,Champions
1295,30,7,1579.7401463378762,3,4,3,343,10,Champions
1296,67,2,381.16999932451074,2,1,1,211,4,At Risk
1297,146,3,1348.9980827602485,1,1,3,113,5,Potential Loyalists
1299,17,3,933.9662416779261,4,1,2,412,7,Loyal Customers
1300,35,7,2806.3808260203896,3,4,4,344,11,Champions
1301,39,10,3291.0233582238548,3,4,4,344,11,Champions
1302,6,8,3072.38555735898,4,4,4,444,12,Champions
1303,12,5,1316.0483927176915,4,2,3,423,9,Champions
1304,19,7,2216.502034295344,4,4,4,444,12,Champions
1305,162,4,1391.3346284910524,1,2,3,123,6,Potential Loyalists
1306,68,2,1583.4572683613378,2,1,3,213,6,Potential Loyalists
1307,115,3,535.5616042950774,1,1,1,111,3,Lost
1308,176,4,1198.2774910746482,1,2,2,122,5,Potential Loyalists
1309,183,3,903.8726875087232,1,1,2,112,4,At Risk
1310,29,5,1291.7637205300703,3,2,3,323,8,Loyal Customers
1311,146,4,692.940117937992,1,2,1,121,4,At Risk
1312,77,5,659.9192474822394,2,2,1,221,5,Potential Loyalists
1313,58,6,1113.5036036504562,2,3,2,232,7,Loyal Customers
1314,271,1,366.8483359587856,1,1,1,111,3,Lost
1315,128,4,1381.7925120611849,1,2,3,123,6,Potential Loyalists
1316,180,1,503.044591169764,1,1,1,111,3,Lost
1317,38,9,2146.768165848721,3,4,4,344,11,Champions
1318,89,3,945.6525901511396,2,1,2,212,5,Potential Loyalists
1319,7,8,2017.110407538708,4,4,4,444,12,Champions
1320,132,3,460.2872620805242,1,1,1,111,3,Lost
1321,1,2,1479.7223691650634,4,1,3,413,8,Loyal Customers
1322,9,4,1131.7664135886246,4,2,2,422,8,Loyal Customers
1323,34,8,1968.0821036889743,3,4,4,344,11,Champions
1324,24,3,733.4305487480075,3,1,1,311,5,Potential Loyalists
1325,150,4,1232.593441744893,1,2,2,122,5,Potential Loyalists
1326,6,5,2275.99944734416,4,2,4,424,10,Champions
1327,152,3,500.177798489137,1,1,1,111,3,Lost
1328,10,5,1263.0914167758783,4,3,3,433,10,Champions
1329,209,5,1074.4613636848842,1,3,2,132,6,Potential Loyalists
1330,155,3,1358.004941180859,1,1,3,113,5,Potential Loyalists
1331,33,5,2086.8593461054884,3,3,4,334,10,Champions
1332,36,1,258.7254543275235,3,1,1,311,5,Potential Loyalists
1333,49,5,756.1200825658237,3,3,1,331,7,Loyal Customers
1334,172,5,1612.6714000921606,1,3,3,133,7,Loyal Customers
1335,91,5,1379.150813095243,2,3,3,233,8,Loyal Customers
1336,9,3,697.3087888055678,4,1,1,411,6,Potential Loyalists
1337,59,6,2361.4032472248373,2,3,4,234,9,Champions
1338,222,2,520.7582894180937,1,1,1,111,3,Lost
1339,213,3,502.6978294077013,1,1,1,111,3,Lost
1340,18,5,1485.0501339871155,4,3,3,433,10,Champions
1341,81,8,1715.3428016703485,2,4,3,243,9,Champions
1342,18,4,918.149146785391,4,2,2,422,8,Loyal Customers
1343,22,9,2670.296473478852,4,4,4,444,12,Champions
1344,100,5,2333.9492035707935,2,3,4,234,9,Champions
1345,250,7,2082.3606442301552,1,4,4,144,9,Champions
1346,42,2,859.5728350765182,3,1,2,312,6,Potential Loyalists
1347,43,5,1320.8878571028295,3,3,3,333,9,Champions
1348,8,9,2733.676400333486,4,4,4,444,12,Champions
1349,30,8,1567.933207013567,3,4,3,343,10,Champions
1350,104,2,378.0015774241444,1,1,1,111,3,Lost
1351,108,3,821.3425232030302,1,1,2,112,4,At Risk
1352,62,6,1261.9057933461952,2,3,3,233,8,Loyal Customers
1353,18,5,876.8260325512063,4,3,2,432,9,Champions
1354,3,1,171.97940179122958,4,1,1,411,6,Potential Loyalists
1355,83,6,2018.0260013061222,2,3,4,234,9,Champions
1356,29,3,560.9552696215621,3,1,1,311,5,Potential Loyalists
1357,2,5,1249.9566494432547,4,3,2,432,9,Champions
1358,17,6,1619.7014795436162,4,3,3,433,10,Champions
1359,26,6,805.0088801056454,3,3,2,332,8,Loyal Customers
1360,42,6,1297.436703462934,3,3,3,333,9,Champions
1361,41,3,964.4338185008617,3,1,2,312,6,Potential Loyalists
1362,22,7,1785.8829873278473,4,4,3,443,11,Champions
1363,27,8,1790.811944239769,3,4,3,343,10,Champions
1364,10,8,1805.7892036562089,4,4,3,443,11,Champions
1365,64,4,1599.2182855108763,2,2,3,223,7,Loyal Customers
1366,97,4,671.392253478756,2,2,1,221,5,Potential Loyalists
1367,107,1,452.4723843673351,1,1,1,111,3,Lost
1368,20,4,564.4105275489871,4,2,1,421,7,Loyal Customers
1369,6,4,1348.429239929465,4,2,3,423,9,Champions
1370,76,5,3052.4781988898476,2,3,4,234,9,Champions
1371,61,2,123.86395714378028,2,1,1,211,4,At Risk
1372,148,5,557.7738299885272,1,3,1,131,5,Potential Loyalists
1373,105,6,1279.3566840017481,1,3,3,133,7,Loyal Customers
1374,2,6,929.6818448237354,4,3,2,432,9,Champions
1375,22,7,2113.3606335694976,4,4,4,444,12,Champions
1376,31,6,2195.9459925174106,3,3,4,334,10,Champions
1377,33,6,1897.0708733274023,3,3,4,334,10,Champions
1378,18,4,1978.8219146447273,4,2,4,424,10,Champions
1379,2,8,1841.9361617968916,4,4,3,443,11,Champions
1380,70,8,2175.9366506222987,2,4,4,244,10,Champions
1381,38,6,1187.8270397398428,3,3,2,332,8,Loyal Customers
1382,17,2,327.9777470791559,4,1,1,411,6,Potential Loyalists
1383,4,4,939.1761243642101,4,2,2,422,8,Loyal Customers
1384,17,6,1296.1475475692853,4,3,3,433,10,Champions
1385,66,9,1999.1389797142106,2,4,4,244,10,Champions
1386,30,6,1014.0840470201156,3,3,2,332,8,Loyal Customers
1387,23,3,653.2473268010946,3,1,1,311,5,Potential Loyalists
1388,213,2,843.7676557716309,1,1,2,112,4,At Risk
1389,122,4,1117.4868534774482,1,2,2,122,5,Potential Loyalists
1390,71,5,1304.7625180317714,2,3,3,233,8,Loyal Customers
1391,24,6,1467.5111485008078,3,3,3,333,9,Champions
1392,54,7,1257.9279741426737,2,4,2,242,8,Loyal Customers
1393,200,3,1123.8664150362356,1,1,2,112,4,At Risk
1394,14,7,2697.337888506194,4,4,4,444,12,Champions
1395,235,4,516.8763882993359,1,2,1,121,4,At Risk
1396,37,8,2221.6310653164883,3,4,4,344,11,Champions
1397,50,4,1949.9624378209626,3,2,4,324,9,Champions
1398,78,6,1564.9868670383505,2,3,3,233,8,Loyal Customers
1399,80,5,1316.5630647195326,2,3,3,233,8,Loyal Customers
1400,55,10,2941.7168351632363,2,4,4,244,10,Champions
1401,104,5,1368.0400961827509,1,3,3,133,7,Loyal Customers
1402,280,3,1104.371839070303,1,1,2,112,4,At Risk
1403,39,3,404.30031459272135,3,1,1,311,5,Potential Loyalists
1404,92,6,1854.7876756592248,2,3,3,233,8,Loyal Customers
1405,43,6,1512.150122898419,3,3,3,333,9,Champions
1406,11,8,1881.9544097860623,4,4,4,444,12,Champions
1407,29,5,905.0245269851988,3,3,2,332,8,Loyal Customers
1408,299,1,119.75777760072597,1,1,1,111,3,Lost
1409,178,3,750.1184927437532,1,1,1,111,3,Lost
1410,254,2,606.6878149972512,1,1,1,111,3,Lost
1411,33,2,407.2928219772624,3,1,1,311,5,Potential Loyalists
1412,98,2,441.20111499043077,2,1,1,211,4,At Risk
1413,3,7,848.397659764867,4,4,2,442,10,Champions
1414,296,3,646.8178003803542,1,1,1,111,3,Lost
1415,18,5,1298.367062896021,4,3,3,433,10,Champions
1416,12,4,662.1825117340045,4,2,1,421,7,Loyal Customers
1417,94,5,1178.8032825417595,2,3,2,232,7,Loyal Customers
1418,24,7,3433.2997185369136,3,4,4,344,11,Champions
1419,28,9,1780.9642410448328,3,4,3,343,10,Champions
1420,25,2,349.545459050145,3,1,1,311,5,Potential Loyalists
1421,113,7,1565.9333643887287,1,4,3,143,8,Loyal Customers
1422,74,2,370.3295110283416,2,1,1,211,4,At Risk
1423,40,5,1257.9444219770048,3,3,2,332,8,Loyal Customers
1424,76,5,1053.406235716833,2,3,2,232,7,Loyal Customers
1425,51,4,1174.6724303140018,3,2,2,322,7,Loyal Customers
1426,24,6,997.6716289517146,3,3,2,332,8,Loyal Customers
1427,137,4,979.6558625215221,1,2,2,122,5,Potential Loyalists
1428,28,4,1210.4866233807072,3,2,2,322,7,Loyal Customers
1429,22,3,795.8856932519066,4,1,2,412,7,Loyal Customers
1430,20,4,1281.7223699316792,4,2,3,423,9,Champions
1431,40,6,1889.9557849650812,3,3,4,334,10,Champions
1433,23,2,699.5066077578347,3,1,1,311,5,Potential Loyalists
1434,16,9,3422.7150741577575,4,4,4,444,12,Champions
1435,69,7,2419.0274557042594,2,4,4,244,10,Champions
1436,50,5,1706.7655015772793,3,3,3,333,9,Champions
1437,28,4,1008.8189124266019,3,2,2,322,7,Loyal Customers
1438,142,2,222.07181956336763,1,1,1,111,3,Lost
1439,23,5,1809.8017898194191,3,3,3,333,9,Champions
1440,79,5,1555.538285701427,2,3,3,233,8,Loyal Customers
1441,56,6,1657.9203695603765,2,3,3,233,8,Loyal Customers
1442,9,6,1559.7360640009038,4,3,3,433,10,Champions
1443,25,2,488.3130716455339,3,1,1,311,5,Potential Loyalists
1444,35,7,2105.9105565256336,3,4,4,344,11,Champions
1445,134,3,1071.8431073108836,1,1,2,112,4,At Risk
1446,70,4,1366.2229670975464,2,2,3,223,7,Loyal Customers
1447,22,3,682.4717593847909,4,1,1,411,6,Potential Loyalists
1448,41,6,2890.908667672402,3,3,4,334,10,Champions
1449,1,8,2260.869716683423,4,4,4,444,12,Champions
1450,1,3,877.5335527800495,4,1,2,412,7,Loyal Customers
1451,146,2,115.28837485906729,1,1,1,111,3,Lost
1452,35,6,2166.320951792797,3,3,4,334,10,Champions
1453,31,6,1808.609524984429,3,3,3,333,9,Champions
1454,43,9,2789.7166262411743,3,4,4,344,11,Champions
1455,36,5,1414.6809630089206,3,3,3,333,9,Champions
1456,60,4,1260.1155251674718,2,2,2,222,6,Potential Loyalists
1457,241,2,1072.6044708484333,1,1,2,112,4,At Risk
1458,139,7,1690.6545723985691,1,4,3,143,8,Loyal Customers
1459,55,6,1569.8026981262426,2,3,3,233,8,Loyal Customers
1460,99,4,552.152061218973,2,2,1,221,5,Potential Loyalists
1461,127,4,1197.5989260903107,1,2,2,122,5,Potential Loyalists
1462,99,6,1213.1296493692776,2,3,2,232,7,Loyal Customers
1463,341,1,147.30072584613143,1,1,1,111,3,Lost
1464,11,3,588.7265411443348,4,1,1,411,6,Potential Loyalists
1465,100,5,2266.548924723481,2,3,4,234,9,Champions
1466,41,7,2462.006028923586,3,4,4,344,11,Champions
1467,66,2,91.34736559609263,2,1,1,211,4,At Risk
1468,46,5,2297.368427399819,3,3,4,334,10,Champions
1469,149,3,463.27660690114135,1,1,1,111,3,Lost
1470,116,5,952.9491172552912,1,3,2,132,6,Potential Loyalists
1471,78,3,655.7868663969034,2,1,1,211,4,At Risk
1472,96,4,1007.9417411785121,2,2,2,222,6,Potential Loyalists
1473,1,6,2154.899779948009,4,3,4,434,11,Champions
1474,24,4,1225.4885540472953,3,2,2,322,7,Loyal Customers
1475,13,11,1993.4647971210272,4,4,4,444,12,Champions
1476,47,9,2380.5889722470533,3,4,4,344,11,Champions
1477,170,3,438.0291071225184,1,1,1,111,3,Lost
1478,24,1,316.5066348918232,3,1,1,311,5,Potential Loyalists
1479,8,2,298.0159064432,4,1,1,411,6,Potential Loyalists
1480,130,3,1549.0189684363954,1,1,3,113,5,Potential Loyalists
1481,45,5,1466.2571183513437,3,3,3,333,9,Champions
1482,17,7,2153.1379223968124,4,4,4,444,12,Champions
1483,196,2,358.75096898974266,1,1,1,111,3,Lost
1484,21,8,2194.0298157964553,4,4,4,444,12,Champions
1485,23,3,1492.3782299676411,3,1,3,313,7,Loyal Customers
1486,13,1,403.5279893083897,4,1,1,411,6,Potential Loyalists
1487,6,5,1302.4848105686335,4,3,3,433,10,Champions
1488,19,5,879.0645371026714,4,3,2,432,9,Champions
1489,75,6,1083.7207516659653,2,3,2,232,7,Loyal Customers
1490,96,4,1231.496836147624,2,2,2,222,6,Potential Loyalists
1491,42,5,1182.9037344752505,3,3,2,332,8,Loyal Customers
1492,116,5,1697.736900487177,1,3,3,133,7,Loyal Customers
1493,8,8,2226.6798312032824,4,4,4,444,12,Champions
1494,160,3,772.6501732890882,1,1,2,112,4,At Risk
1495,302,1,78.3096186241655,1,1,1,111,3,Lost
1496,18,10,4706.805085688743,4,4,4,444,12,Champions
1497,150,3,1422.9780055078359,1,1,3,113,5,Potential Loyalists
1498,11,5,1018.1833336178986,4,3,2,432,9,Champions
1499,19,9,2691.5315474592467,4,4,4,444,12,Champions
1500,53,5,467.48328565158727,3,3,1,331,7,Loyal Customers
1501,170,3,879.7303517327746,1,1,2,112,4,At Risk
1502,258,3,1446.6570306863655,1,1,3,113,5,Potential Loyalists
1503,68,4,492.39817894450147,2,2,1,221,5,Potential Loyalists
1504,29,6,2159.273755625073,3,3,4,334,10,Champions
1505,63,6,2450.2458799352626,2,3,4,234,9,Champions
1506,52,3,1000.4710221305382,3,1,2,312,6,Potential Loyalists
1507,1,6,1330.8665683800984,4,3,3,433,10,Champions
1508,16,4,845.6567587505708,4,2,2,422,8,Loyal Customers
1509,114,4,708.6074315103406,1,2,1,121,4,At Risk
1510,10,8,1969.9015121329633,4,4,4,444,12,Champions
1511,172,4,338.94351050508817,1,2,1,121,4,At Risk
1512,166,5,378.4909246024355,1,3,1,131,5,Potential Loyalists
1513,30,4,959.0584263341606,3,2,2,322,7,Loyal Customers
1514,91,5,1037.184504495001,2,3,2,232,7,Loyal Customers
1515,56,8,1329.5726258245431,2,4,3,243,9,Champions
1516,13,10,2083.0006390310773,4,4,4,444,12,Champions
1517,271,3,558.7321730317666,1,1,1,111,3,Lost
1518,78,4,2020.0548348010925,2,2,4,224,8,Loyal Customers
1519,35,6,1246.7798067161102,3,3,2,332,8,Loyal Customers
1520,144,6,1271.5097991653995,1,3,3,133,7,Loyal Customers
1521,104,3,910.0180840426991,1,1,2,112,4,At Risk
1522,104,3,616.6779709228307,1,1,1,111,3,Lost
1523,13,8,1576.4669022571916,4,4,3,443,11,Champions
1524,199,5,1267.5400796822405,1,3,3,133,7,Loyal Customers
1525,91,10,3412.6137305022526,2,4,4,244,10,Champions
1526,44,3,133.98415650446833,3,1,1,311,5,Potential Loyalists
1527,2,1,70.81707296477649,4,1,1,411,6,Potential Loyalists
1528,13,4,1236.4020002615875,4,2,2,422,8,Loyal Customers
1529,101,2,864.7984791122876,2,1,2,212,5,Potential Loyalists
1530,139,3,831.784040652306,1,1,2,112,4,At Risk
1531,71,6,1833.631087056427,2,3,3,233,8,Loyal Customers
1532,17,5,1929.6022914750492,4,3,4,434,11,Champions
1533,100,2,944.3236090800909,2,1,2,212,5,Potential Loyalists
1534,4,2,335.48354652383176,4,1,1,411,6,Potential Loyalists
1535,90,3,746.3588094081488,2,1,1,211,4,At Risk
1536,62,8,2215.6741479176812,2,4,4,244,10,Champions
1537,159,4,609.2751427978161,1,2,1,121,4,At Risk
1538,136,4,855.2208546563193,1,2,2,122,5,Potential Loyalists
1539,31,4,714.327085428627,3,2,1,321,6,Potential Loyalists
1540,99,3,1319.6628999040593,2,1,3,213,6,Potential Loyalists
1541,6,6,1449.106661331581,4,3,3,433,10,Champions
1542,82,3,463.887820176482,2,1,1,211,4,At Risk
1543,64,3,729.9546374167973,2,1,1,211,4,At Risk
1545,59,5,616.849009563183,2,3,1,231,6,Potential Loyalists
1546,4,8,2211.4683014523175,4,4,4,444,12,Champions
1547,81,6,1262.4212414177975,2,3,3,233,8,Loyal Customers
1548,5,5,1789.7680634375229,4,3,3,433,10,Champions
1549,44,8,1997.2862062814227,3,4,4,344,11,Champions
1550,31,6,1694.8545845950352,3,3,3,333,9,Champions
1551,119,3,629.5215859665896,1,1,1,111,3,Lost
1552,37,4,668.8058420691384,3,2,1,321,6,Potential Loyalists
1553,18,9,2204.0202766676657,4,4,4,444,12,Champions
1554,39,1,741.1942599286022,3,1,1,311,5,Potential Loyalists
1555,80,5,762.8188781847267,2,3,1,231,6,Potential Loyalists
1556,22,5,1190.045070380069,4,3,2,432,9,Champions
1557,13,6,1764.8000832852208,4,3,3,433,10,Champions
1558,14,7,3046.811146627275,4,4,4,444,12,Champions
1559,26,3,1099.866625928158,3,1,2,312,6,Potential Loyalists
1560,72,7,1309.5746231550872,2,4,3,243,9,Champions
1561,47,6,1330.7449462962475,3,3,3,333,9,Champions
1562,18,8,2851.587912120059,4,4,4,444,12,Champions
1563,114,6,2273.9090589334223,1,3,4,134,8,Loyal Customers
1564,289,3,1105.095139611551,1,1,2,112,4,At Risk
1565,8,6,1533.352320184669,4,3,3,433,10,Champions
1566,67,4,1290.5258880358558,2,2,3,223,7,Loyal Customers
1567,25,2,492.39454939555554,3,1,1,311,5,Potential Loyalists
1568,82,3,590.0872264017335,2,1,1,211,4,At Risk
1569,190,3,291.8132433414687,1,1,1,111,3,Lost
1570,37,7,2020.6626955656566,3,4,4,344,11,Champions
1571,61,6,1027.4624229167791,2,3,2,232,7,Loyal Customers
1572,2,7,1975.261025844534,4,4,4,444,12,Champions
1573,29,7,1566.4642869925506,3,4,3,343,10,Champions
1574,9,7,1629.9580973863958,4,4,3,443,11,Champions
1575,24,4,656.4032155763457,3,2,1,321,6,Potential Loyalists
1576,74,3,584.363274907561,2,1,1,211,4,At Risk
1577,127,5,1147.6072428212187,1,3,2,132,6,Potential Loyalists
1578,6,5,1691.2227991065224,4,3,3,433,10,Champions
1579,124,6,2102.9092771216615,1,3,4,134,8,Loyal Customers
1580,77,6,2285.578966181127,2,3,4,234,9,Champions
1581,12,5,858.2513934700311,4,3,2,432,9,Champions
1582,91,2,760.1361740038848,2,1,1,211,4,At Risk
1583,3,8,2712.8009775204464,4,4,4,444,12,Champions
1584,156,3,780.8399052104751,1,1,2,112,4,At Risk
1585,68,3,836.115196618879,2,1,2,212,5,Potential Loyalists
1586,12,3,832.3259891692499,4,1,2,412,7,Loyal Customers
1587,44,8,1024.1580882474107,3,4,2,342,9,Champions
1588,147,4,460.4137325477981,1,2,1,121,4,At Risk
1589,106,3,823.7914084483398,1,1,2,112,4,At Risk
1590,117,2,221.60612382639653,1,1,1,111,3,Lost
1591,167,3,644.4776393967406,1,1,1,111,3,Lost
1592,75,4,892.3005966679615,2,2,2,222,6,Potential Loyalists
1593,33,8,3203.275355174024,3,4,4,344,11,Champions
1594,271,1,666.4624680776196,1,1,1,111,3,Lost
1595,52,5,1962.823789917357,3,3,4,334,10,Champions
1596,67,2,812.6472388981554,2,1,2,212,5,Potential Loyalists
1597,74,6,1079.8632347969701,2,3,2,232,7,Loyal Customers
1598,77,3,766.6221723521496,2,1,1,211,4,At Risk
1600,68,5,851.5073520126253,2,3,2,232,7,Loyal Customers
1601,35,9,3439.7828600180756,3,4,4,344,11,Champions
1602,53,1,152.30876396888843,3,1,1,311,5,Potential Loyalists
1603,10,8,1712.7061604722608,4,4,3,443,11,Champions
1604,30,6,2414.9236253286886,3,3,4,334,10,Champions
1605,263,2,456.3600385482267,1,1,1,111,3,Lost
1606,99,5,1452.1063042575502,2,3,3,233,8,Loyal Customers
1607,123,5,1526.7662078691246,1,3,3,133,7,Loyal Customers
1608,120,3,294.9133061860829,1,1,1,111,3,Lost
1609,74,8,1885.9518969913142,2,4,4,244,10,Champions
1610,28,3,844.8006337065342,3,1,2,312,6,Potential Loyalists
1611,26,6,1440.570713450782,3,3,3,333,9,Champions
1612,15,11,2940.7075601062256,4,4,4,444,12,Champions
1613,52,2,920.2231888309179,3,1,2,312,6,Potential Loyalists
1614,119,3,1202.4944483023655,1,1,2,112,4,At Risk
1615,225,5,374.09527779108714,1,3,1,131,5,Potential Loyalists
1616,106,4,1483.3602846987371,1,2,3,123,6,Potential Loyalists
1617,38,4,1773.2786117601977,3,2,3,323,8,Loyal Customers
1618,65,4,1628.0654701228364,2,2,3,223,7,Loyal Customers
1619,12,7,1828.9260660023783,4,4,3,443,11,Champions
1620,40,3,543.7074868738847,3,1,1,311,5,Potential Loyalists
1621,48,4,1597.8443458874085,3,2,3,323,8,Loyal Customers
1622,93,7,1167.198243377677,2,4,2,242,8,Loyal Customers
1623,114,5,1337.8201807374421,1,3,3,133,7,Loyal Customers
1624,23,6,2382.762199867679,3,3,4,334,10,Champions
1625,66,4,1561.1723828059057,2,2,3,223,7,Loyal Customers
1626,132,2,567.812927016703,1,1,1,111,3,Lost
1627,23,6,1781.6471874815597,3,3,3,333,9,Champions
1628,31,7,1212.0661231693937,3,4,2,342,9,Champions
1629,85,5,797.5898552370279,2,3,2,232,7,Loyal Customers
1630,102,4,1747.767077439759,2,2,3,223,7,Loyal Customers
1631,48,4,1108.7694153928182,3,2,2,322,7,Loyal Customers
1632,50,6,1188.4142657560146,3,3,2,332,8,Loyal Customers
1633,28,6,1238.4378670185365,3,3,2,332,8,Loyal Customers
1634,180,3,814.4521220683478,1,1,2,112,4,At Risk
1635,50,2,530.1599179113346,3,1,1,311,5,Potential Loyalists
1636,17,7,1485.4766062635144,4,4,3,443,11,Champions
1637,20,7,1901.565410742082,4,4,4,444,12,Champions
1638,33,4,642.1382390810459,3,2,1,321,6,Potential Loyalists
1639,56,6,2657.0697728269924,2,3,4,234,9,Champions
1640,83,5,2079.1268806932717,2,3,4,234,9,Champions
1641,121,5,781.2125633020311,1,3,2,132,6,Potential Loyalists
1642,171,3,654.9205688332364,1,1,1,111,3,Lost
1643,147,3,885.9427763585646,1,1,2,112,4,At Risk
1644,62,6,2656.80781604762,2,3,4,234,9,Champions
1645,20,8,2069.260905451216,4,4,4,444,12,Champions
1646,6,3,743.0051860938752,4,1,1,411,6,Potential Loyalists
1647,5,11,2133.269402350505,4,4,4,444,12,Champions
1648,64,3,758.7185264764234,2,2,1,221,5,Potential Loyalists
1649,72,4,1088.1833735398195,2,2,2,222,6,Potential Loyalists
1650,58,2,211.0741797615613,2,1,1,211,4,At Risk
1651,105,2,385.35862273403217,1,1,1,111,3,Lost
1652,40,5,1591.4783484968023,3,3,3,333,9,Champions
1653,49,6,1472.8648210945275,3,3,3,333,9,Champions
1654,32,7,2697.882178861313,3,4,4,344,11,Champions
1655,2,6,1413.3848915571991,4,3,3,433,10,Champions
1656,2,6,1461.1872534000966,4,3,3,433,10,Champions
1657,28,6,1745.913732987649,3,3,3,333,9,Champions
1658,14,10,2490.5348968216827,4,4,4,444,12,Champions
1659,56,7,1122.7676958799161,2,4,2,242,8,Loyal Customers
1660,14,7,2167.0823226530856,4,4,4,444,12,Champions
1661,52,9,1956.330387020236,3,4,4,344,11,Champions
1662,101,6,1073.0837468755592,2,3,2,232,7,Loyal Customers
1663,7,14,3957.531141326079,4,4,4,444,12,Champions
1664,41,6,1630.8442638925628,3,3,3,333,9,Champions
1665,13,10,4068.2127607370007,4,4,4,444,12,Champions
1666,31,3,1036.4407316014372,3,2,2,322,7,Loyal Customers
1667,26,2,231.01966714485297,3,1,1,311,5,Potential Loyalists
1668,25,5,1008.1058780871095,3,3,2,332,8,Loyal Customers
1669,34,12,4372.339262385426,3,4,4,344,11,Champions
1671,26,10,2481.798734720899,3,4,4,344,11,Champions
1672,33,7,1697.425958227029,3,4,3,343,10,Champions
1673,287,1,484.70083851978916,1,1,1,111,3,Lost
1674,59,5,1694.5707463876201,2,3,3,233,8,Loyal Customers
1675,4,11,2503.127719203853,4,4,4,444,12,Champions
1676,231,3,2007.268071729215,1,2,4,124,7,Loyal Customers
1677,30,3,603.875192078978,3,2,1,321,6,Potential Loyalists
1678,26,3,1272.7655759938848,3,2,3,323,8,Loyal Customers
1679,70,1,608.8172378302324,2,1,1,211,4,At Risk
1680,7,5,1030.3794095798173,4,3,2,432,9,Champions
1681,144,6,2545.5726128296287,1,3,4,134,8,Loyal Customers
1682,99,3,523.7913723703582,2,2,1,221,5,Potential Loyalists
1683,46,4,494.604227133726,3,2,1,321,6,Potential Loyalists
1684,3,10,3132.563494596866,4,4,4,444,12,Champions
1685,82,5,1695.4764098706296,2,3,3,233,8,Loyal Customers
1686,10,7,1575.128678747081,4,4,3,443,11,Champions
1687,23,6,1165.7395229497376,3,3,2,332,8,Loyal Customers
1688,34,8,3357.3450932467804,3,4,4,344,11,Champions
1689,79,7,1315.4099141826225,2,4,3,243,9,Champions
1690,11,6,1564.9282874528574,4,3,3,433,10,Champions
1691,59,5,1473.6375965827235,2,3,3,233,8,Loyal Customers
1692,104,7,2521.605875506402,1,4,4,144,9,Champions
1694,12,4,1914.2943500813017,4,2,4,424,10,Champions
1695,7,5,619.7184852210893,4,3,1,431,8,Loyal Customers
1696,214,2,721.9693856581451,1,1,1,111,3,Lost
1697,91,5,880.1500963187325,2,3,2,232,7,Loyal Customers
1698,275,4,1786.87120889883,1,2,3,123,6,Potential Loyalists
1699,115,8,2055.3633581771705,1,4,4,144,9,Champions
1700,8,6,377.4715941948408,4,3,1,431,8,Loyal Customers
1701,53,4,780.1965509574629,3,2,2,322,7,Loyal Customers
1702,4,5,1068.6082606388525,4,3,2,432,9,Champions
1703,11,11,3267.2311294474757,4,4,4,444,12,Champions
1704,195,3,545.1617538931214,1,2,1,121,4,At Risk
1705,335,1,109.50335261851583,1,1,1,111,3,Lost
1706,167,3,876.4181649812324,1,2,2,122,5,Potential Loyalists
1707,20,5,1042.2577250729432,4,3,2,432,9,Champions
1708,68,4,648.3264694790388,2,2,1,221,5,Potential Loyalists
1709,85,7,1181.0960173440785,2,4,2,242,8,Loyal Customers
1710,154,4,610.8846429634804,1,2,1,121,4,At Risk
1711,136,2,233.3808767994473,1,1,1,111,3,Lost
1712,31,3,902.6348863525484,3,2,2,322,7,Loyal Customers
1713,175,6,1641.8050974613043,1,3,3,133,7,Loyal Customers
1714,11,4,1591.426571678528,4,2,3,423,9,Champions
1715,180,2,62.54009430225375,1,1,1,111,3,Lost
1716,185,2,465.1553865689095,1,1,1,111,3,Lost
1717,51,3,803.5239654494596,3,2,2,322,7,Loyal Customers
1718,165,2,472.3464884931759,1,1,1,111,3,Lost
1719,8,4,954.9226474598752,4,2,2,422,8,Loyal Customers
1720,185,1,73.72716999694345,1,1,1,111,3,Lost
1721,41,2,867.2487855129699,3,1,2,312,6,Potential Loyalists
1722,176,2,316.8143929013947,1,1,1,111,3,Lost
1723,57,3,571.150986008591,2,2,1,221,5,Potential Loyalists
1724,60,7,1582.1721456868268,2,4,3,243,9,Champions
1725,8,8,2979.6397570037293,4,4,4,444,12,Champions
1726,34,11,3869.184294071049,3,4,4,344,11,Champions
1727,45,4,2233.638059135421,3,2,4,324,9,Champions
1728,80,4,682.4583412149693,2,2,1,221,5,Potential Loyalists
1729,41,5,2075.5025280001146,3,3,4,334,10,Champions
1730,11,5,1137.4896327900417,4,3,2,432,9,Champions
1731,174,4,529.3297472139689,1,2,1,121,4,At Risk
1732,114,3,784.6622203770116,1,2,2,122,5,Potential Loyalists
1733,6,6,1228.0712496889305,4,3,2,432,9,Champions
1734,63,5,2171.433147834966,2,3,4,234,9,Champions
1735,19,8,1295.0189899922884,4,4,3,443,11,Champions
1736,9,4,896.1185448030518,4,2,2,422,8,Loyal Customers
1737,131,5,692.9013687943993,1,3,1,131,5,Potential Loyalists
1738,49,8,818.7836150920339,3,4,2,342,9,Champions
1739,88,5,1461.6253867755895,2,3,3,233,8,Loyal Customers
1740,91,5,910.1208043028349,2,3,2,232,7,Loyal Customers
1741,92,2,825.1240136261595,2,1,2,212,5,Potential Loyalists
1742,83,4,1402.2202559789303,2,2,3,223,7,Loyal Customers
1743,5,6,1627.8249009105448,4,3,3,433,10,Champions
1744,114,4,764.6020515660264,1,2,1,121,4,At Risk
1745,2,3,721.9465452401785,4,2,1,421,7,Loyal Customers
1746,200,2,890.8109786616114,1,1,2,112,4,At Risk
1747,12,6,1677.7814523625595,4,3,3,433,10,Champions
1748,40,7,2447.502757301209,3,4,4,344,11,Champions
1749,177,4,1137.5007885028326,1,2,2,122,5,Potential Loyalists
1750,10,7,1787.7579522620842,4,4,3,443,11,Champions
1751,86,5,588.8783259174226,2,3,1,231,6,Potential Loyalists
1752,40,4,684.1030998575693,3,2,1,321,6,Potential Loyalists
1753,11,3,1039.536177875395,4,2,2,422,8,Loyal Customers
1754,32,5,1282.2634331872644,3,3,3,333,9,Champions
1756,38,4,1638.5477600346815,3,2,3,323,8,Loyal Customers
1757,14,5,1563.216349735062,4,3,3,433,10,Champions
1758,56,8,3035.1259293986773,2,4,4,244,10,Champions
1759,59,3,283.11661474594536,2,2,1,221,5,Potential Loyalists
1760,11,7,2086.9781512109203,4,4,4,444,12,Champions
1761,12,6,1924.405979087208,4,3,4,434,11,Champions
1762,51,6,1594.71896544491,3,3,3,333,9,Champions
1763,16,9,3184.0472006363916,4,4,4,444,12,Champions
1765,90,1,66.1071593312748,2,1,1,211,4,At Risk
1766,46,6,1165.7463812810179,3,3,2,332,8,Loyal Customers
1767,107,4,681.3554370351683,1,2,1,121,4,At Risk
1768,42,6,3290.1826917701924,3,3,4,334,10,Champions
1769,32,7,1751.3662613212603,3,4,3,343,10,Champions
1770,3,6,960.4202440133861,4,3,2,432,9,Champions
1771,10,8,2685.2905933329557,4,4,4,444,12,Champions
1772,108,3,951.6871388771326,1,2,2,122,5,Potential Loyalists
1773,69,7,689.3460240559637,2,4,1,241,7,Loyal Customers
1774,145,2,263.30848033256757,1,1,1,111,3,Lost
1775,48,11,1912.952314985195,3,4,4,344,11,Champions
1776,38,4,958.0547775862074,3,2,2,322,7,Loyal Customers
1777,105,5,858.8418357417377,1,3,2,132,6,Potential Loyalists
1778,37,9,2147.838215150371,3,4,4,344,11,Champions
1779,41,4,380.37147437479916,3,2,1,321,6,Potential Loyalists
1780,100,7,1730.6296560501903,2,4,3,243,9,Champions
1781,70,3,280.9529619661388,2,2,1,221,5,Potential Loyalists
1782,58,7,2169.947774409312,2,4,4,244,10,Champions
1783,131,1,325.4829372841138,1,1,1,111,3,Lost
1784,119,4,499.6385179398165,1,2,1,121,4,At Risk
1785,20,2,180.66073036493822,4,1,1,411,6,Potential Loyalists
1786,15,7,1212.3507927204046,4,4,2,442,10,Champions
1787,43,2,862.6993014028895,3,1,2,312,6,Potential Loyalists
1788,37,5,1224.9126528393222,3,3,2,332,8,Loyal Customers
1789,103,2,380.34930123395384,1,1,1,111,3,Lost
1790,69,2,368.41186539937496,2,1,1,211,4,At Risk
1791,82,5,996.5301384235947,2,3,2,232,7,Loyal Customers
1792,62,5,2061.1572430330493,2,3,4,234,9,Champions
1793,6,8,2708.059012156549,4,4,4,444,12,Champions
1794,62,4,769.0130926880827,2,2,1,221,5,Potential Loyalists
1795,28,6,1513.941194209955,3,3,3,333,9,Champions
1796,20,7,1073.1919163365928,4,4,2,442,10,Champions
1797,60,8,2619.796918399024,2,4,4,244,10,Champions
1798,251,1,259.6072835161616,1,1,1,111,3,Lost
1799,27,9,2397.201158463952,3,4,4,344,11,Champions
1800,158,5,1464.8981629768557,1,3,3,133,7,Loyal Customers
1801,4,6,1398.4775459581545,4,3,3,433,10,Champions
1802,128,6,1618.6305409914405,1,3,3,133,7,Loyal Customers
1803,130,4,956.3938808545643,1,2,2,122,5,Potential Loyalists
1804,92,10,2081.4697805888954,2,4,4,244,10,Champions
1805,9,7,2552.723438092681,4,4,4,444,12,Champions
1806,39,5,1220.5624623361596,3,3,2,332,8,Loyal Customers
1808,82,2,279.0248991612718,2,1,1,211,4,At Risk
1809,7,1,144.44175076798575,4,1,1,411,6,Potential Loyalists
1810,162,3,1055.181495036632,1,2,2,122,5,Potential Loyalists
1811,134,4,996.3528174413885,1,2,2,122,5,Potential Loyalists
1812,29,7,2397.11741502852,3,4,4,344,11,Champions
1813,64,6,1136.4586645248437,2,3,2,232,7,Loyal Customers
1814,55,7,1000.061890876924,2,4,2,242,8,Loyal Customers
1815,152,6,2183.5634455498925,1,3,4,134,8,Loyal Customers
1816,24,7,1436.884845916166,3,4,3,343,10,Champions
1817,21,2,382.6705570920454,4,1,1,411,6,Potential Loyalists
1818,32,6,2385.76325323247,3,3,4,334,10,Champions
1819,12,7,1396.76216835033,4,4,3,443,11,Champions
1820,18,4,1387.2623852274724,4,2,3,423,9,Champions
1821,14,10,2828.7533365298286,4,4,4,444,12,Champions
1822,43,6,1183.0241094735902,3,3,2,332,8,Loyal Customers
1823,40,5,2426.9987115657805,3,3,4,334,10,Champions
1824,26,7,966.768151800647,3,4,2,342,9,Champions
1825,109,5,1050.632660146739,1,3,2,132,6,Potential Loyalists
1826,21,5,1393.6956063612588,4,3,3,433,10,Champions
1827,66,10,1908.183084865853,2,4,4,244,10,Champions
1828,50,5,2731.9601345282695,3,3,4,334,10,Champions
1829,269,3,390.3612050253083,1,2,1,121,4,At Risk
1830,72,7,2473.9578235909553,2,4,4,244,10,Champions
1831,84,5,2230.2840722447268,2,3,4,234,9,Champions
1832,23,5,820.614260962526,3,3,2,332,8,Loyal Customers
1833,256,1,76.06977231078123,1,1,1,111,3,Lost
1834,8,5,1006.6747696073205,4,3,2,432,9,Champions
1835,17,4,691.7550547540168,4,2,1,421,7,Loyal Customers
1836,9,8,2766.255107749341,4,4,4,444,12,Champions
1837,82,6,1227.388497100735,2,3,2,232,7,Loyal Customers
1838,349,2,826.9978786982218,1,1,2,112,4,At Risk
1839,9,10,3888.7986000000246,4,4,4,444,12,Champions
1840,80,2,314.89034983590943,2,1,1,211,4,At Risk
1841,73,6,2171.4238497632605,2,3,4,234,9,Champions
1842,32,4,972.5449658850986,3,2,2,322,7,Loyal Customers
1843,167,2,1086.989968525475,1,1,2,112,4,At Risk
1844,54,5,1418.855265957949,2,3,3,233,8,Loyal Customers
1845,52,3,267.3792574772321,3,2,1,321,6,Potential Loyalists
1846,27,3,674.3646677192455,3,2,1,321,6,Potential Loyalists
1847,66,4,674.498572552784,2,2,1,221,5,Potential Loyalists
1848,9,6,1936.4600756526252,4,3,4,434,11,Champions
1849,16,5,2116.147126207498,4,3,4,434,11,Champions
1850,155,3,783.897234461313,1,2,2,122,5,Potential Loyalists
1851,34,7,1579.0824038738785,3,4,3,343,10,Champions
1852,15,6,2190.6995134448885,4,3,4,434,11,Champions
1853,18,6,1796.6554330664503,4,3,3,433,10,Champions
1854,56,3,955.4151987562002,2,2,2,222,6,Potential Loyalists
1855,37,5,1448.8978761290607,3,3,3,333,9,Champions
1856,76,4,1137.9194841725453,2,2,2,222,6,Potential Loyalists
1857,300,2,325.5057849308585,1,1,1,111,3,Lost
1858,35,7,1236.5345355989587,3,4,2,342,9,Champions
1859,100,2,565.043155719877,2,1,1,211,4,At Risk
1860,122,5,1485.4353432451849,1,3,3,133,7,Loyal Customers
1861,58,4,1531.5754866456734,2,2,3,223,7,Loyal Customers
1862,289,2,526.7376282769217,1,1,1,111,3,Lost
1863,9,6,1608.5066155036286,4,3,3,433,10,Champions
1864,39,4,1551.837538498322,3,2,3,323,8,Loyal Customers
1865,14,8,1900.9585560421865,4,4,4,444,12,Champions
1866,40,9,2989.332284005377,3,4,4,344,11,Champions
1867,89,2,853.6906687854182,2,1,2,212,5,Potential Loyalists
1868,20,4,1777.7799482129017,4,2,3,423,9,Champions
1869,289,1,95.62983749985987,1,1,1,111,3,Lost
1870,86,5,1646.3908095138524,2,3,3,233,8,Loyal Customers
1871,132,8,1922.2502230717143,1,4,4,144,9,Champions
1872,44,5,1955.3232813574473,3,3,4,334,10,Champions
1873,96,3,679.9883817575424,2,2,1,221,5,Potential Loyalists
1874,65,2,1172.5329027262565,2,1,2,212,5,Potential Loyalists
1875,60,6,1111.2403928399706,2,3,2,232,7,Loyal Customers
1876,23,7,2587.104940323954,3,4,4,344,11,Champions
1877,71,4,769.1864465447838,2,2,2,222,6,Potential Loyalists
1878,194,3,1043.398303432025,1,2,2,122,5,Potential Loyalists
1879,73,2,702.4072975855146,2,1,1,211,4,At Risk
1880,9,10,2975.800837754874,4,4,4,444,12,Champions
1881,164,3,782.6572939023931,1,2,2,122,5,Potential Loyalists
1882,13,9,3100.468826522542,4,4,4,444,12,Champions
1883,71,4,851.6199795036422,2,2,2,222,6,Potential Loyalists
1884,210,4,1252.8031183355163,1,2,2,122,5,Potential Loyalists
1885,15,6,1795.2133335025956,4,3,3,433,10,Champions
1886,63,5,1436.6920011482182,2,3,3,233,8,Loyal Customers
1887,53,8,2509.062197255323,3,4,4,344,11,Champions
1888,183,2,470.49755724413205,1,1,1,111,3,Lost
1890,137,9,1833.6543654890663,1,4,3,143,8,Loyal Customers
1891,39,7,2746.354243985519,3,4,4,344,11,Champions
1892,57,3,738.5141549052594,2,2,1,221,5,Potential Loyalists
1893,187,3,625.5679204642986,1,2,1,121,4,At Risk
1894,75,3,823.9083798231252,2,2,2,222,6,Potential Loyalists
1895,58,6,2512.5764400403946,2,3,4,234,9,Champions
1896,236,4,1765.894869152879,1,2,3,123,6,Potential Loyalists
1897,264,3,1587.4926038411877,1,2,3,123,6,Potential Loyalists
1898,18,7,2348.6287014292957,4,4,4,444,12,Champions
1899,90,6,1755.7543988046673,2,3,3,233,8,Loyal Customers
1900,5,3,896.1408465127022,4,2,2,422,8,Loyal Customers
1901,124,4,1046.6460132044426,1,2,2,122,5,Potential Loyalists
1902,10,6,2723.071761245886,4,3,4,434,11,Champions
1903,1,3,535.800829061689,4,2,1,421,7,Loyal Customers
1904,46,5,1800.0922540900274,3,3,3,333,9,Champions
1905,7,6,1908.584872123328,4,3,4,434,11,Champions
1906,36,4,695.9378858555232,3,2,1,321,6,Potential Loyalists
1907,76,4,610.3458935681925,2,2,1,221,5,Potential Loyalists
1908,16,6,1904.7578397464795,4,3,4,434,11,Champions
1909,3,5,1512.9174752735896,4,3,3,433,10,Champions
1910,5,6,2009.5336856302583,4,3,4,434,11,Champions
1911,30,6,1446.6519359398244,3,4,3,343,10,Champions
1912,19,4,1605.3942490211718,4,2,3,423,9,Champions
1913,25,4,1127.4717882496946,3,2,2,322,7,Loyal Customers
1914,68,9,1921.0852909416458,2,4,4,244,10,Champions
1915,62,5,1669.7664672932192,2,3,3,233,8,Loyal Customers
1916,78,6,2192.357165327974,2,4,4,244,10,Champions
1917,145,4,708.3147406263998,1,2,1,121,4,At Risk
1918,161,6,1828.2331698736034,1,4,3,143,8,Loyal Customers
1919,26,6,1379.7331320714025,3,4,3,343,10,Champions
1920,29,10,2011.1717636151407,3,4,4,344,11,Champions
1921,84,5,1314.6227702288306,2,3,3,233,8,Loyal Customers
1922,11,6,1494.6627571400031,4,4,3,443,11,Champions
1923,63,3,939.8215474010372,2,2,2,222,6,Potential Loyalists
1924,113,3,637.6399221676061,1,2,1,121,4,At Risk
1925,23,4,732.3524938647455,3,2,1,321,6,Potential Loyalists
1926,1,5,1331.0592203210242,4,3,3,433,10,Champions
1927,65,4,822.3332886872516,2,2,2,222,6,Potential Loyalists
1928,35,11,1828.5149533922954,3,4,3,343,10,Champions
1929,24,6,2114.6602456653673,3,4,4,344,11,Champions
1930,57,3,671.091903954861,2,2,1,221,5,Potential Loyalists
1931,95,5,1180.6445123081965,2,3,2,232,7,Loyal Customers
1932,25,4,1659.6979690784528,3,2,3,323,8,Loyal Customers
1933,42,7,2111.0480132645093,3,4,4,344,11,Champions
1934,32,6,1455.7601779593228,3,4,3,343,10,Champions
1935,2,12,3706.4474504637046,4,4,4,444,12,Champions
1936,13,8,2853.4653867751017,4,4,4,444,12,Champions
1937,21,3,600.8928442163225,4,2,1,421,7,Loyal Customers
1938,129,4,1485.3292911230255,1,2,3,123,6,Potential Loyalists
1939,61,6,1486.8992942656607,2,4,3,243,9,Champions
1940,9,2,583.0196975331672,4,1,1,411,6,Potential Loyalists
1941,4,4,1642.395749958388,4,2,3,423,9,Champions
1942,8,8,3274.5868302913905,4,4,4,444,12,Champions
1943,52,6,2926.359159099261,3,4,4,344,11,Champions
1944,38,4,458.58130872995093,3,2,1,321,6,Potential Loyalists
1945,106,5,953.6744642688793,1,3,2,132,6,Potential Loyalists
1946,10,8,2262.343109482299,4,4,4,444,12,Champions
1947,127,4,469.1798540673754,1,2,1,121,4,At Risk
1948,11,4,771.2895532145833,4,2,2,422,8,Loyal Customers
1949,175,2,288.38976634718216,1,1,1,111,3,Lost
1950,42,4,1508.1192776994462,3,2,3,323,8,Loyal Customers
1951,146,6,1835.3510404999574,1,4,3,143,8,Loyal Customers
1952,58,5,637.6934083297284,2,3,1,231,6,Potential Loyalists
1953,74,3,775.0045106447678,2,2,2,222,6,Potential Loyalists
1954,49,8,2240.402838355487,3,4,4,344,11,Champions
1955,72,9,2429.801847950699,2,4,4,244,10,Champions
1956,36,7,2395.821914816362,3,4,4,344,11,Champions
1957,12,11,2989.7231102229694,4,4,4,444,12,Champions
1958,17,6,2032.615990044117,4,4,4,444,12,Champions
1959,71,3,639.4811134867913,2,2,1,221,5,Potential Loyalists
1960,286,2,705.6455271685074,1,1,1,111,3,Lost
1961,34,9,2443.299657145696,3,4,4,344,11,Champions
1962,46,5,1552.6164980366173,3,3,3,333,9,Champions
1963,124,4,763.0131510659836,1,2,1,121,4,At Risk
1964,204,1,294.87049770732506,1,1,1,111,3,Lost
1965,64,5,1473.939229726545,2,3,3,233,8,Loyal Customers
1966,245,2,180.60659078807743,1,1,1,111,3,Lost
1967,56,6,1544.8918336166942,2,4,3,243,9,Champions
1968,103,5,1155.657536007603,1,3,2,132,6,Potential Loyalists
1969,142,4,1319.3591943575348,1,2,3,123,6,Potential Loyalists
1970,87,8,1979.2470994567589,2,4,4,244,10,Champions
1971,166,3,1067.0792775507623,1,2,2,122,5,Potential Loyalists
1972,3,9,2692.8628363475045,4,4,4,444,12,Champions
1973,4,7,2858.167950663792,4,4,4,444,12,Champions
1974,29,5,1608.0000853527688,3,3,3,333,9,Champions
1975,7,5,1107.1279852289426,4,3,2,432,9,Champions
1976,13,5,1312.686135044587,4,3,3,433,10,Champions
1977,78,7,1272.0519118478928,2,4,3,243,9,Champions
1978,241,1,63.84883021662205,1,1,1,111,3,Lost
1979,51,6,1402.8367954355208,3,4,3,343,10,Champions
1980,59,5,1461.7806398754742,2,3,3,233,8,Loyal Customers
1981,60,4,1278.4691024005963,2,2,3,223,7,Loyal Customers
1982,121,7,1441.1581173336658,1,4,3,143,8,Loyal Customers
1983,42,7,1725.7202778797875,3,4,3,343,10,Champions
1984,81,6,1943.1768281661793,2,4,4,244,10,Champions
1985,29,6,1404.8180451701678,3,4,3,343,10,Champions
1986,22,6,1740.8639070320069,4,4,3,443,11,Champions
1987,24,8,2754.1626368897255,3,4,4,344,11,Champions
1988,123,4,854.2042564542112,1,2,2,122,5,Potential Loyalists
1989,34,7,2305.3790104539285,3,4,4,344,11,Champions
1990,3,3,407.2712322268534,4,2,1,421,7,Loyal Customers
1991,3,3,297.0230201959263,4,2,1,421,7,Loyal Customers
1992,142,6,2020.5392088115043,1,4,4,144,9,Champions
1993,124,5,1761.30326359772,1,3,3,133,7,Loyal Customers
1994,102,5,2114.4358131803906,2,3,4,234,9,Champions
1995,16,4,897.2567676664477,4,2,2,422,8,Loyal Customers
1996,115,7,3979.7907815122444,1,4,4,144,9,Champions
1997,28,6,1418.1359810248077,3,4,3,343,10,Champions
1998,15,5,1341.1576449987074,4,3,3,433,10,Champions
1999,92,1,92.71174596533182,2,1,1,211,4,At Risk
